City_ID,City,Lat,Lng,Max Temp,Humidity,Cloudiness,Wind Speed,Country,Date
0,Victoria,22.2855,114.1577,61.25,79,47,5.01,HK,2022-02-25 01:23:44
1,Ushuaia,-54.8,-68.3,49.66,87,75,10.36,AR,2022-02-25 01:27:07
2,Cape Town,-33.9258,18.4232,67.87,86,0,11.5,ZA,2022-02-25 01:25:48
3,Lagoa,39.05,-27.9833,57.07,71,6,9.66,PT,2022-02-25 01:27:08
4,Atuona,-9.8,-139.0333,79.02,75,18,20.51,PF,2022-02-25 01:27:09
5,Port Alfred,-33.5906,26.891,73.18,88,7,18.75,ZA,2022-02-25 01:27:09
6,Mizan Teferi,6.9833,35.5833,65.89,71,100,1.43,ET,2022-02-25 01:27:10
7,Naze,28.3667,129.4833,56.32,55,0,13.15,JP,2022-02-25 01:27:10
8,Bengkulu,-3.8004,102.2655,77.99,74,90,4.65,ID,2022-02-25 01:27:11
9,Qaanaaq,77.484,-69.3632,-14.31,58,99,5.77,GL,2022-02-25 01:27:11
10,Mataura,-46.1927,168.8643,65.48,45,2,1.32,NZ,2022-02-25 01:27:12
11,Los Llanos De Aridane,28.6585,-17.9182,60.55,76,75,14.97,ES,2022-02-25 01:27:12
12,Dikson,73.5069,80.5464,-3.37,96,100,9.95,RU,2022-02-25 01:27:13
13,Rikitea,-23.1203,-134.9692,79.41,67,98,4.43,PF,2022-02-25 01:26:47
14,Gizo,-8.103,156.8419,80.64,79,100,3.51,SB,2022-02-25 01:27:13
15,Vestmannaeyjar,63.4427,-20.2734,35.78,81,95,24.11,IS,2022-02-25 01:27:14
16,Provideniya,64.3833,-173.3,32.11,86,100,17.9,RU,2022-02-25 01:27:14
17,Tevaitoa,-16.7833,-151.5,81.12,74,8,13.56,PF,2022-02-25 01:27:15
18,Chuy,-33.6971,-53.4616,69.96,89,100,11.03,UY,2022-02-25 01:27:16
19,Coquimbo,-29.9533,-71.3436,64.13,82,0,3.44,CL,2022-02-25 01:23:16
20,Busselton,-33.65,115.3333,76.08,61,100,12.84,AU,2022-02-25 01:27:16
21,Sioux Lookout,50.1001,-91.917,-0.02,84,0,0.0,CA,2022-02-25 01:27:17
22,Punta Arenas,-53.15,-70.9167,55.51,71,0,12.66,CL,2022-02-25 01:27:18
23,San Patricio,28.017,-97.5169,46.38,69,91,14.09,US,2022-02-25 01:27:19
24,Hobart,-42.8794,147.3294,66.02,62,75,16.11,AU,2022-02-25 01:27:19
25,Sitka,57.0531,-135.33,40.89,75,100,4.61,US,2022-02-25 01:27:20
26,Luganville,-15.5333,167.1667,85.91,69,46,6.6,VU,2022-02-25 01:27:20
27,Karasjok,69.4719,25.5112,21.31,100,100,3.24,NO,2022-02-25 01:27:21
28,Bredasdorp,-34.5322,20.0403,70.29,86,100,6.4,ZA,2022-02-25 01:27:21
29,Saint-Philippe,-21.3585,55.7679,74.79,86,100,6.38,RE,2022-02-25 01:27:22
30,New Norfolk,-42.7826,147.0587,65.66,52,99,1.01,AU,2022-02-25 01:27:22
31,Velsen,52.46,4.65,42.96,72,20,18.41,NL,2022-02-25 01:27:22
32,Hermanus,-34.4187,19.2345,70.81,87,100,12.21,ZA,2022-02-25 01:27:23
33,Yellowknife,62.456,-114.3525,7.32,85,75,3.44,CA,2022-02-25 01:27:23
34,Bluff,-46.6,168.3333,65.8,73,8,3.69,NZ,2022-02-25 01:27:24
35,Tias,28.9611,-13.645,60.55,88,20,2.3,ES,2022-02-25 01:27:25
36,Cherskiy,68.75,161.3,-7.26,94,100,2.95,RU,2022-02-25 01:27:25
37,Arraial Do Cabo,-22.9661,-42.0278,76.5,87,0,3.91,BR,2022-02-25 01:24:34
38,Esmeralda,21.8525,-78.1169,72.64,67,27,10.16,CU,2022-02-25 01:27:26
39,Yenagoa,4.9247,6.2642,79.43,86,8,2.73,NG,2022-02-25 01:27:26
40,Vaini,-21.2,-175.2,86.16,79,75,10.36,TO,2022-02-25 01:27:26
41,Morondava,-20.2833,44.2833,78.64,82,29,2.57,MG,2022-02-25 01:27:27
42,Hofn,64.2539,-15.2082,21.79,61,0,9.37,IS,2022-02-25 01:27:28
43,Castro,-24.7911,-50.0119,66.38,91,7,1.7,BR,2022-02-25 01:27:28
44,Rudbar,30.15,62.6,57.94,38,0,5.61,AF,2022-02-25 01:28:29
45,Port-Cartier,50.0334,-66.8654,1.62,87,6,7.99,CA,2022-02-25 01:28:29
46,Nabire,-3.3667,135.4833,76.05,93,100,0.63,ID,2022-02-25 01:28:29
47,Jardim,-21.4803,-56.1381,81.25,59,12,3.67,BR,2022-02-25 01:28:30
48,Batemans Bay,-35.7167,150.1833,77.2,96,100,1.99,AU,2022-02-25 01:28:30
49,Mar Del Plata,-38.0023,-57.5575,66.87,91,0,8.01,AR,2022-02-25 01:28:31
50,Outjo,-20.1167,16.15,70.3,42,13,2.1,NA,2022-02-25 01:28:31
51,Mercedes,-34.6515,-59.4307,69.03,79,0,4.05,AR,2022-02-25 01:28:31
52,Mankono,8.0586,-6.1897,81.48,57,77,5.61,CI,2022-02-25 01:28:32
53,Penzance,50.1186,-5.5371,45.61,58,31,25.57,GB,2022-02-25 01:28:32
54,Upernavik,72.7868,-56.1549,-28.61,99,100,13.44,GL,2022-02-25 01:28:33
55,Kapaa,22.0752,-159.319,80.58,66,40,10.36,US,2022-02-25 01:28:33
56,Atambua,-9.1061,124.8925,75.45,89,98,7.36,ID,2022-02-25 01:28:34
57,Norman Wells,65.282,-126.8329,8.64,85,75,3.44,CA,2022-02-25 01:28:26
58,Kodiak,57.79,-152.4072,42.31,87,100,8.05,US,2022-02-25 01:28:34
59,Saint-Augustin,51.226,-58.6502,-1.3,75,96,16.33,CA,2022-02-25 01:28:35
60,Sibolga,1.7427,98.7792,78.4,83,96,2.39,ID,2022-02-25 01:28:35
61,Tasiilaq,65.6145,-37.6368,21.36,74,100,27.4,GL,2022-02-25 01:28:36
62,Ilhabela,-23.7781,-45.3581,75.85,90,12,5.37,BR,2022-02-25 01:27:55
63,Airai,-8.9266,125.4092,65.03,84,100,4.12,TL,2022-02-25 01:28:36
64,Saskylakh,71.9167,114.0833,-15.61,96,100,2.89,RU,2022-02-25 01:28:37
65,Kaka,37.3482,59.6143,49.05,51,0,6.35,TM,2022-02-25 01:28:37
66,Hamilton,39.1834,-84.5333,35.64,95,100,4.61,US,2022-02-25 01:28:37
67,Amapa,1.0,-52.0,71.78,98,67,3.42,BR,2022-02-25 01:28:38
68,East London,-33.0153,27.9116,73.29,84,15,13.27,ZA,2022-02-25 01:28:38
69,Ancud,-41.8697,-73.8203,58.53,89,28,6.73,CL,2022-02-25 01:28:39
70,Jamestown,42.097,-79.2353,31.51,48,100,9.22,US,2022-02-25 01:28:39
71,Beloha,-25.1667,45.05,73.99,90,100,11.01,MG,2022-02-25 01:28:39
72,Labuan,5.2767,115.2417,84.56,79,20,2.3,MY,2022-02-25 01:28:40
73,Kiboga,0.9161,31.7742,66.83,69,100,1.41,UG,2022-02-25 01:28:40
74,Avera,33.194,-82.5271,75.07,67,0,5.53,US,2022-02-25 01:28:41
75,Avarua,-21.2078,-159.775,84.25,79,40,13.8,CK,2022-02-25 01:28:41
76,Sol-Iletsk,51.1631,54.9918,18.55,98,98,2.17,RU,2022-02-25 01:28:41
77,Tigil,57.8,158.6667,11.37,92,100,10.13,RU,2022-02-25 01:28:42
78,Peachland,49.7665,-119.7357,31.68,51,14,2.68,CA,2022-02-25 01:28:42
79,Laguna,38.421,-121.4238,57.49,28,0,4.61,US,2022-02-25 01:28:43
80,Ulaangom,49.9811,92.0667,-11.6,95,100,1.81,MN,2022-02-25 01:28:43
81,Codrington,-38.2667,141.9667,65.98,55,6,18.01,AU,2022-02-25 01:28:44
82,Piracicaba,-22.7253,-47.6492,76.73,82,3,6.96,BR,2022-02-25 01:28:44
83,Rio Grande,-32.035,-52.0986,74.95,79,100,24.05,BR,2022-02-25 01:28:44
84,Itarema,-2.9248,-39.9167,81.07,79,93,13.98,BR,2022-02-25 01:28:45
85,Crotone,39.0851,17.1178,51.89,66,58,7.83,IT,2022-02-25 01:28:45
86,Berlevag,70.8578,29.0864,30.63,71,98,15.66,NO,2022-02-25 01:28:46
87,Ponta Do Sol,32.6667,-17.1,64.06,70,74,8.7,PT,2022-02-25 01:28:46
88,Mantua,45.1667,10.7833,46.27,85,4,1.99,IT,2022-02-25 01:28:46
89,Bad Kreuznach,49.8333,7.8667,38.84,76,11,13.98,DE,2022-02-25 01:28:50
90,Namatanai,-3.6667,152.4333,81.72,79,96,5.57,PG,2022-02-25 01:28:51
91,Lebu,-37.6167,-73.65,58.17,93,3,2.3,CL,2022-02-25 01:28:51
92,Piacabucu,-10.4056,-36.4344,80.83,75,35,12.48,BR,2022-02-25 01:29:51
93,Olafsvik,64.8945,-23.7142,26.91,72,50,12.88,IS,2022-02-25 01:29:52
94,Emporia,38.4039,-96.1817,17.8,73,100,10.36,US,2022-02-25 01:26:41
95,Saint-Francois,46.4154,3.9054,41.68,81,0,10.36,FR,2022-02-25 01:29:52
96,Chokurdakh,70.6333,147.9167,-5.93,88,100,11.86,RU,2022-02-25 01:29:53
97,Palomares,17.15,-95.0667,75.45,78,0,4.09,MX,2022-02-25 01:29:53
98,Roma,43.2128,-75.4557,23.65,59,0,4.61,US,2022-02-25 01:25:58
99,Carnarvon,-24.8667,113.6333,82.47,69,7,18.41,AU,2022-02-25 01:29:54
100,Pochutla,15.7432,-96.4661,81.45,70,4,2.71,MX,2022-02-25 01:29:54
101,Morant Bay,17.8815,-76.4093,80.22,79,13,13.65,JM,2022-02-25 01:29:55
102,Yulara,-25.2406,130.9889,87.64,25,0,10.36,AU,2022-02-25 01:29:55
103,Kampot,10.6167,104.1833,78.85,62,100,14.72,KH,2022-02-25 01:29:56
104,Ribeira Grande,38.5167,-28.7,58.24,67,8,9.24,PT,2022-02-25 01:29:56
105,Karachi,24.9056,67.0822,66.02,88,0,3.44,PK,2022-02-25 01:29:56
106,Rockhampton,-23.3833,150.5,89.49,45,40,9.22,AU,2022-02-25 01:29:57
107,Alanya,36.5438,31.9998,48.33,67,28,7.58,TR,2022-02-25 01:29:57
108,Zyryanka,65.75,150.85,-8.95,98,100,14.7,RU,2022-02-25 01:29:58
109,Tautira,-17.7333,-149.15,87.82,78,80,13.0,PF,2022-02-25 01:29:58
110,Dakar,14.6937,-17.4441,68.11,84,4,21.36,SN,2022-02-25 01:29:10
111,Barrow,71.2906,-156.7887,-7.58,77,75,17.27,US,2022-02-25 01:29:27
112,Vanimo,-2.6741,141.3028,79.32,83,100,5.35,PG,2022-02-25 01:29:59
113,Hudson Bay,52.85,-102.3842,-2.76,91,8,6.58,CA,2022-02-25 01:29:59
114,Thompson,55.7435,-97.8558,-0.24,60,20,5.75,CA,2022-02-25 01:26:34
115,Hithadhoo,-0.6,73.0833,82.2,69,0,8.55,MV,2022-02-25 01:30:00
116,Sao Jose Da Coroa Grande,-8.8978,-35.1478,79.52,74,10,8.34,BR,2022-02-25 01:30:01
117,Mamala,14.0167,121.5167,76.8,66,36,9.6,PH,2022-02-25 01:30:02
118,Charlottetown,46.2352,-63.1267,18.05,53,40,9.22,CA,2022-02-25 01:30:03
119,Guozhen,34.3659,107.359,47.79,51,6,2.66,CN,2022-02-25 01:30:04
120,Qandala,11.472,49.8728,73.83,79,22,3.33,SO,2022-02-25 01:30:05
121,Great Yarmouth,52.6083,1.7305,38.95,88,58,23.71,GB,2022-02-25 01:30:06
122,Kotelnikovo,47.6317,43.1461,38.91,94,100,12.82,RU,2022-02-25 01:30:07
123,Winnemucca,40.973,-117.7357,33.85,47,100,11.5,US,2022-02-25 01:30:09
124,Ilulissat,69.2167,-51.1,-23.22,95,100,2.89,GL,2022-02-25 01:30:10
125,Cap Malheureux,-19.9842,57.6142,75.69,84,100,7.38,MU,2022-02-25 01:30:10
126,Semey,50.4111,80.2275,12.45,91,99,4.65,KZ,2022-02-25 01:30:11
127,Broome,42.2506,-75.833,30.02,54,100,4.61,US,2022-02-25 01:30:12
128,Kalmunai,7.4167,81.8167,78.96,76,81,10.58,LK,2022-02-25 01:30:12
129,Tahe,52.3333,124.7333,21.33,78,100,2.44,CN,2022-02-25 01:30:13
130,Isangel,-19.55,169.2667,86.11,79,20,11.5,VU,2022-02-25 01:30:14
131,Yarada,17.65,83.2667,73.72,94,40,2.3,IN,2022-02-25 01:30:14
132,Tuktoyaktuk,69.4541,-133.0374,-16.6,76,20,6.91,CA,2022-02-25 01:30:15
133,Gamba,-2.65,10.0,78.37,84,100,2.33,GA,2022-02-25 01:30:15
134,Muros,42.7762,-9.0603,52.23,75,26,18.52,ES,2022-02-25 01:30:16
135,Nouadhibou,20.931,-17.0347,62.58,88,0,18.41,MR,2022-02-25 01:30:17
136,Cotonou,6.3654,2.4183,82.38,89,40,10.36,BJ,2022-02-25 01:26:37
137,Calabozo,8.9242,-67.4293,83.3,46,91,10.76,VE,2022-02-25 01:31:17
138,Yaan,7.3833,8.5667,78.21,13,6,5.53,NG,2022-02-25 01:31:18
139,Kenai,60.5544,-151.2583,43.03,66,100,17.27,US,2022-02-25 01:31:18
140,Hilo,19.7297,-155.09,80.33,65,40,13.8,US,2022-02-25 01:31:19
141,Rawlins,41.7911,-107.2387,14.22,72,75,11.5,US,2022-02-25 01:31:19
142,Amazar,53.858,120.875,17.64,83,100,3.56,RU,2022-02-25 01:31:20
143,Albany,42.6001,-73.9662,27.3,55,43,3.06,US,2022-02-25 01:30:05
144,Fare,-16.7,-151.0167,81.45,74,2,13.44,PF,2022-02-25 01:31:20
145,Bulgan,48.8125,103.5347,8.26,82,9,2.26,MN,2022-02-25 01:31:21
146,Oranjemund,-28.55,16.4333,62.56,97,21,8.97,NA,2022-02-25 01:31:21
147,Baykit,61.67,96.37,11.44,96,100,3.36,RU,2022-02-25 01:31:21
148,Paamiut,61.994,-49.6678,-0.58,94,100,24.11,GL,2022-02-25 01:31:22
149,Boulder City,35.9786,-114.8325,48.78,18,0,8.05,US,2022-02-25 01:28:27
150,Mount Gambier,-37.8333,140.7667,69.71,49,40,16.11,AU,2022-02-25 01:31:23
151,Luderitz,-26.6481,15.1594,67.95,63,0,17.85,NA,2022-02-25 01:31:23
152,Fier,40.7239,19.5561,43.25,53,34,5.84,AL,2022-02-25 01:31:23
153,Lumsden,50.6501,-104.8678,-0.99,97,19,6.82,CA,2022-02-25 01:31:24
154,Saldanha,-33.0117,17.9442,64.51,96,10,9.91,ZA,2022-02-25 01:31:24
155,Bethel,41.3712,-73.414,31.5,51,100,5.75,US,2022-02-25 01:31:25
156,Makakilo City,21.3469,-158.0858,82.72,51,75,17.27,US,2022-02-25 01:31:25
157,Bedesa,8.9,40.7833,63.46,51,47,3.29,ET,2022-02-25 01:31:25
158,Faanui,-16.4833,-151.75,81.3,74,11,12.37,PF,2022-02-25 01:31:26
159,Geraldton,-28.7667,114.6,79.21,69,12,14.97,AU,2022-02-25 01:27:51
160,Toora-Khem,52.4675,96.11,3.74,95,100,2.73,RU,2022-02-25 01:31:26
161,Kyren,51.6828,102.1408,12.83,76,3,1.03,RU,2022-02-25 01:31:27
162,Kavieng,-2.5744,150.7967,82.06,79,97,11.32,PG,2022-02-25 01:31:27
163,Klaksvik,62.2266,-6.589,34.72,60,100,26.22,FO,2022-02-25 01:31:28
164,Camacha,33.0833,-16.3333,57.96,77,75,16.11,PT,2022-02-25 01:31:28
165,Esso,55.9333,158.7,8.64,85,100,7.0,RU,2022-02-25 01:31:29
166,Butaritari,3.0707,172.7902,82.22,77,67,19.04,KI,2022-02-25 01:31:29
167,Arlit,18.7369,7.3853,60.8,11,0,1.23,NE,2022-02-25 01:31:29
168,Shubarshi,48.5872,57.1869,29.14,90,100,2.82,KZ,2022-02-25 01:31:30
169,Orange,33.7,-117.7675,60.8,38,0,11.5,US,2022-02-25 01:28:37
170,Butembo,0.15,29.2833,60.98,66,100,2.68,CD,2022-02-25 01:31:30
171,Vanavara,60.34,102.2797,4.8,98,100,3.44,RU,2022-02-25 01:31:31
172,Souillac,-20.5167,57.5167,75.58,94,40,4.61,MU,2022-02-25 01:31:31
173,Taoudenni,22.6783,-3.9836,78.12,13,99,14.45,ML,2022-02-25 01:31:32
174,Hualmay,-11.0964,-77.6139,71.69,82,79,7.4,PE,2022-02-25 01:31:32
175,Ampanihy,-24.7,44.75,72.43,92,85,10.09,MG,2022-02-25 01:31:32
176,Esil,51.9556,66.4042,27.77,98,96,6.38,KZ,2022-02-25 01:31:33
177,Alice Springs,-23.7,133.8833,87.35,35,1,14.97,AU,2022-02-25 01:31:33
178,Afrikanda,67.4429,32.7828,29.03,94,100,14.25,RU,2022-02-25 01:31:34
179,Aquin,18.2833,-73.4,76.3,75,27,1.83,HT,2022-02-25 01:31:34
180,Torbay,47.6666,-52.7314,22.26,76,100,17.27,CA,2022-02-25 01:31:34
181,Labrea,-7.2586,-64.7981,74.89,97,100,1.7,BR,2022-02-25 01:31:35
182,Igrim,63.1906,64.4162,-3.41,99,65,4.5,RU,2022-02-25 01:31:35
183,Dolores,-36.3132,-57.6792,64.38,94,0,6.76,AR,2022-02-25 01:30:02
184,Sisimiut,66.9395,-53.6735,-17.18,96,47,6.6,GL,2022-02-25 01:31:36
185,Bubaque,11.2833,-15.8333,74.82,76,1,17.31,GW,2022-02-25 01:31:36
186,Ballina,-28.8667,153.5667,77.18,85,100,14.97,AU,2022-02-25 01:32:37
187,Vila Franca Do Campo,37.7167,-25.4333,57.2,80,93,7.2,PT,2022-02-25 01:32:37
188,Acajutla,13.5928,-89.8275,80.8,75,2,8.21,SV,2022-02-25 01:32:38
189,Port Elizabeth,-33.918,25.5701,75.09,94,100,12.66,ZA,2022-02-25 01:32:39
190,Satna,24.5833,80.8333,63.57,61,0,3.33,IN,2022-02-25 01:32:39
191,Rincon,32.296,-81.2354,70.25,73,0,10.36,US,2022-02-25 01:32:39
192,Bacalan,11.5464,122.0849,79.79,79,95,19.17,PH,2022-02-25 01:32:40
193,Hirara,24.8,125.2833,66.06,59,40,19.57,JP,2022-02-25 01:32:40
194,Santa Maria,-29.6842,-53.8069,74.5,88,75,10.36,BR,2022-02-25 01:30:18
195,Esperance,-33.8667,121.9,75.04,46,100,17.29,AU,2022-02-25 01:32:41
196,Campo Verde,-20.4167,-54.0667,81.61,73,67,4.61,BR,2022-02-25 01:32:41
197,Yerbogachen,61.2767,108.0108,-3.55,94,99,1.86,RU,2022-02-25 01:32:42
198,Saurimo,-9.6608,20.3916,63.7,98,100,2.26,AO,2022-02-25 01:32:42
199,Koungou,-12.7336,45.2042,78.51,94,75,2.3,YT,2022-02-25 01:32:43
200,Hovd,48.0056,91.6419,1.29,72,32,2.26,MN,2022-02-25 01:32:43
201,Lorengau,-2.0226,147.2712,82.63,76,100,9.17,PG,2022-02-25 01:32:43
202,Tilichiki,60.4667,166.1,22.32,89,100,12.44,RU,2022-02-25 01:32:44
203,Mehamn,71.0357,27.8492,28.18,93,81,16.78,NO,2022-02-25 01:32:44
204,Pimentel,-6.8367,-79.9342,72.1,81,92,11.39,PE,2022-02-25 01:32:45
205,Medea,36.2642,2.7539,37.85,42,96,3.98,DZ,2022-02-25 01:32:45
206,Qasigiannguit,68.8193,-51.1922,-25.22,96,99,5.08,GL,2022-02-25 01:32:45
207,Aklavik,68.2191,-135.0107,7.52,100,90,6.87,CA,2022-02-25 01:32:46
208,Tiznit,29.5833,-9.5,59.74,57,45,2.37,MA,2022-02-25 01:32:46
209,Saint-Denis,48.9167,2.3333,39.15,80,0,10.36,FR,2022-02-25 01:32:47
210,Husavik,66.0449,-17.3389,15.71,94,63,12.84,IS,2022-02-25 01:32:47
211,Golfito,8.639,-83.166,74.52,88,37,1.3,CR,2022-02-25 01:32:48
212,Tigre,-34.426,-58.5796,71.6,96,0,2.3,AR,2022-02-25 01:32:38
213,Luau,-10.7073,22.2247,63.23,99,100,2.71,AO,2022-02-25 01:32:48
214,Longyan,25.1072,117.0225,52.74,83,62,1.63,CN,2022-02-25 01:32:49
215,Henties Bay,-22.116,14.2845,65.86,87,0,7.72,NA,2022-02-25 01:32:49
216,Adrar,20.5022,-10.0711,78.13,5,100,7.58,MR,2022-02-25 01:32:49
217,Jinji,23.2281,110.8261,53.82,69,0,5.88,CN,2022-02-25 01:32:50
218,Berdigestyakh,62.0989,126.6992,9.32,92,100,8.43,RU,2022-02-25 01:32:50
219,Mokolo,10.7398,13.8019,66.31,22,23,7.07,CM,2022-02-25 01:32:51
220,Narsaq,60.9167,-46.05,19.62,77,100,7.16,GL,2022-02-25 01:32:51
221,Pangnirtung,66.1451,-65.7125,-28.03,100,100,0.43,CA,2022-02-25 01:32:51
222,Bonavista,48.6499,-53.1147,23.11,72,100,22.97,CA,2022-02-25 01:32:52
223,Dennery,13.8996,-60.8879,77.09,78,40,10.36,LC,2022-02-25 01:32:52
224,Healdsburg,38.6105,-122.8692,57.24,47,20,8.05,US,2022-02-25 01:32:53
225,Nikolskoye,59.7035,30.7861,34.88,86,100,13.53,RU,2022-02-25 01:32:53
226,Acapulco,16.8634,-99.8901,80.42,78,0,6.91,MX,2022-02-25 01:32:53
227,Dzemul,21.2,-89.3,82.47,68,0,8.55,MX,2022-02-25 01:32:54
228,Maldonado,-34.6667,-54.9167,71.22,96,35,4.9,UY,2022-02-25 01:32:05
229,Nara,34.6851,135.8049,45.97,36,3,7.74,JP,2022-02-25 01:32:54
230,Fortuna,40.5982,-124.1573,48.65,70,0,10.36,US,2022-02-25 01:32:55
231,Nuuk,64.1835,-51.7216,-19.98,95,87,7.29,GL,2022-02-25 01:32:55
232,Saint Anthony,45.0205,-93.218,12.4,83,100,8.05,US,2022-02-25 01:33:22
233,Tiksi,71.6872,128.8694,-7.67,100,100,6.04,RU,2022-02-25 01:33:56
234,Hasaki,35.7333,140.8333,48.6,27,2,7.83,JP,2022-02-25 01:33:56
235,Moose Factory,51.2585,-80.6094,-7.6,71,0,2.3,CA,2022-02-25 01:33:57
236,Cayhagan,9.6697,122.4256,83.66,62,99,14.99,PH,2022-02-25 01:33:57
237,Bathsheba,13.2167,-59.5167,77.61,78,20,11.5,BB,2022-02-25 01:33:58
238,Nata,8.3333,-80.5167,77.47,74,5,11.34,PA,2022-02-25 01:33:58
239,Sao Filipe,14.8961,-24.4956,70.39,76,7,11.92,CV,2022-02-25 01:33:59
240,Hadejia,12.4498,10.0444,65.89,10,3,12.73,NG,2022-02-25 01:33:59
241,Hay River,60.8156,-115.7999,17.56,73,75,2.3,CA,2022-02-25 01:33:59
242,Vallenar,-28.5708,-70.7581,71.74,45,0,2.73,CL,2022-02-25 01:30:17
243,Altay,47.8667,88.1167,16.05,67,77,5.61,CN,2022-02-25 01:34:00
244,Zabol,32.25,67.25,38.14,68,0,7.27,AF,2022-02-25 01:34:00
245,Port Blair,11.6667,92.75,78.84,89,40,8.05,IN,2022-02-25 01:34:01
246,Tucumcari,35.1717,-103.725,42.64,19,0,11.5,US,2022-02-25 01:34:01
247,Dingle,10.9995,122.6711,82.17,70,96,18.3,PH,2022-02-25 01:34:02
248,Grand Gaube,-20.0064,57.6608,75.6,84,100,8.28,MU,2022-02-25 01:34:02
249,Kathu,7.9178,98.3332,84.69,88,94,12.66,TH,2022-02-25 01:34:02
250,Cabo San Lucas,22.8909,-109.9124,73.71,64,0,5.75,MX,2022-02-25 01:31:48
251,Beidao,34.5686,105.8933,36.73,72,35,2.98,CN,2022-02-25 01:34:03
252,Rocha,-34.4833,-54.3333,65.64,98,69,5.28,UY,2022-02-25 01:34:04
253,Puerto Ayora,-0.7393,-90.3518,75.34,86,86,7.05,EC,2022-02-25 01:34:04
254,Nanortalik,60.1432,-45.2371,20.43,76,100,13.15,GL,2022-02-25 01:34:04
255,Vostok,46.4856,135.8833,18.99,86,100,6.2,RU,2022-02-25 01:34:05
256,Deputatskiy,69.3,139.9,-2.36,82,100,3.36,RU,2022-02-25 01:34:05
257,Nehe,48.4833,124.8333,16.25,82,99,7.4,CN,2022-02-25 01:34:06
258,Touros,-5.1989,-35.4608,81.5,71,1,14.67,BR,2022-02-25 01:34:06
259,Hambantota,6.1241,81.1185,75.54,94,20,6.91,LK,2022-02-25 01:34:07
260,Faya,18.3851,42.4509,57.31,46,35,4.23,SA,2022-02-25 01:34:07
261,Cooma,-36.2333,149.1333,65.97,94,75,8.05,AU,2022-02-25 01:34:07
262,Semnan,35.5729,53.3971,48.04,53,0,2.3,IR,2022-02-25 01:34:08
263,Liberty,31.8335,-81.5004,70.05,79,0,5.75,US,2022-02-25 01:33:11
264,Saint-Pierre,-21.3393,55.4781,74.88,88,0,5.75,RE,2022-02-25 01:34:08
265,Karratha,-20.7377,116.8463,101.8,25,11,4.27,AU,2022-02-25 01:34:09
266,Sala,34.0389,-6.8166,61.63,82,75,11.5,MA,2022-02-25 01:34:09
267,Longyearbyen,78.2186,15.6401,-13.16,70,20,5.75,SJ,2022-02-25 01:34:10
268,Ostrovnoy,68.0531,39.5131,30.85,81,59,26.13,RU,2022-02-25 01:34:10
269,Kavaratti,10.5669,72.642,80.28,72,49,10.02,IN,2022-02-25 01:34:11
270,Tahoua,14.8888,5.2692,67.8,11,0,12.26,NE,2022-02-25 01:34:11
271,Denpasar,-8.65,115.2167,83.86,79,20,5.75,ID,2022-02-25 01:34:11
272,Saint Pete Beach,27.7253,-82.7412,73.45,74,0,4.61,US,2022-02-25 01:30:08
273,Alofi,-19.0595,-169.9187,75.09,94,100,13.8,NU,2022-02-25 01:34:12
274,Seoul,37.5683,126.9778,38.77,67,0,6.91,KR,2022-02-25 01:34:12
275,Fallon,39.4735,-118.7774,39.07,30,75,5.75,US,2022-02-25 01:31:53
276,Kalianget,-7.05,113.9333,81.63,77,96,8.97,ID,2022-02-25 01:34:13
277,Boffa,10.1667,-14.0333,74.5,88,4,2.75,GN,2022-02-25 01:34:14
278,Bambous Virieux,-20.3428,57.7575,75.45,94,40,4.61,MU,2022-02-25 01:34:14
279,Boguchany,58.3814,97.4531,13.87,95,99,5.75,RU,2022-02-25 01:34:14
280,Ulladulla,-35.35,150.4667,71.87,95,100,4.29,AU,2022-02-25 01:35:15
281,Roald,62.5833,6.1333,39.34,65,20,11.5,NO,2022-02-25 01:35:15
282,Bosaso,11.2842,49.1816,74.26,75,59,4.59,SO,2022-02-25 01:35:16
283,Valparaiso,-33.0393,-71.6273,67.64,55,0,4.61,CL,2022-02-25 01:33:38
284,Mecca,21.4267,39.8261,73.09,81,94,3.06,SA,2022-02-25 01:35:16
285,Khatanga,71.9667,102.5,-22.02,100,39,2.86,RU,2022-02-25 01:35:17
286,Ishigaki,24.3448,124.1572,68.13,60,40,17.27,JP,2022-02-25 01:35:17
287,Sompeta,18.9333,84.6,74.17,63,2,5.19,IN,2022-02-25 01:35:18
288,Waipawa,-41.4122,175.5153,64.92,59,58,7.92,NZ,2022-02-25 01:35:18
289,Blackfoot,43.1905,-112.345,19.35,96,100,5.37,US,2022-02-25 01:35:19
290,Georgetown,5.4112,100.3354,80.53,86,40,9.22,MY,2022-02-25 01:35:19
291,Molchanovo,57.5817,83.7692,26.28,93,100,12.91,RU,2022-02-25 01:35:19
292,Dunedin,-45.8742,170.5036,65.8,61,22,14.0,NZ,2022-02-25 01:35:20
293,Pevek,69.7008,170.3133,-6.99,94,100,0.89,RU,2022-02-25 01:35:20
294,Cayenne,4.9333,-52.3333,76.08,90,75,0.0,GF,2022-02-25 01:35:21
295,Krasnoarmeysk,51.0239,45.6969,20.07,97,98,5.08,RU,2022-02-25 01:31:12
296,Puerto Narino,-3.7703,-70.3831,80.55,96,100,1.1,CO,2022-02-25 01:35:21
297,Mahebourg,-20.4081,57.7,75.49,94,40,4.61,MU,2022-02-25 01:35:22
298,Mednogorskiy,43.9178,41.1825,43.3,61,100,4.59,RU,2022-02-25 01:35:22
299,Hefei,31.8639,117.2808,42.82,65,0,11.18,CN,2022-02-25 01:35:23
300,Port Lincoln,-34.7333,135.8667,69.13,64,71,18.01,AU,2022-02-25 01:35:23
301,Cordoba,-31.4135,-64.1811,69.76,81,0,3.44,AR,2022-02-25 01:35:24
302,Rajpipla,21.8667,73.5,64.33,26,5,4.45,IN,2022-02-25 01:35:24
303,Miri,4.4148,114.0089,82.54,69,20,3.44,MY,2022-02-25 01:35:24
304,Khovu-Aksy,51.1333,93.6,6.73,83,100,5.68,RU,2022-02-25 01:35:25
305,Clyde River,70.4692,-68.5914,-16.37,76,100,18.41,CA,2022-02-25 01:35:25
306,Villa Bruzual,9.3328,-69.1208,78.84,57,75,10.51,VE,2022-02-25 01:35:26
307,Cidreira,-30.1811,-50.2056,75.69,80,99,20.29,BR,2022-02-25 01:35:26
308,Clermont,49.5,2.4167,37.71,80,9,13.49,FR,2022-02-25 01:35:26
309,Lorica,9.2365,-75.8135,80.58,76,33,11.23,CO,2022-02-25 01:35:27
310,Novyy Urengoy,66.0833,76.6333,16.07,96,100,7.94,RU,2022-02-25 01:35:27
311,Saint-Georges,12.0564,-61.7485,76.68,83,20,0.0,GD,2022-02-25 01:31:28
312,Morros,-9.4467,-46.3003,77.13,65,100,2.28,BR,2022-02-25 01:35:28
313,Bud,39.447,-86.1758,33.75,96,100,5.12,US,2022-02-25 01:35:28
314,Great Falls,47.5002,-111.3008,18.05,76,100,5.75,US,2022-02-25 01:35:29
315,Udachnyy,66.4167,112.4,-19.44,100,100,4.54,RU,2022-02-25 01:35:29
316,Port Augusta,-32.5,137.7667,93.7,36,38,13.78,AU,2022-02-25 01:35:29
317,Soe,-9.8607,124.284,70.36,86,100,6.2,ID,2022-02-25 01:35:30
318,Saint George,37.1041,-113.5841,43.39,36,0,5.75,US,2022-02-25 01:35:30
319,Ca Mau,9.1769,105.15,82.56,61,100,11.41,VN,2022-02-25 01:35:31
320,Eseka,3.65,10.7667,71.71,99,27,0.25,CM,2022-02-25 01:35:31
321,Kudahuvadhoo,2.6708,72.8944,82.56,72,24,12.93,MV,2022-02-25 01:35:31
322,Kologriv,58.8275,44.3178,19.69,93,100,10.09,RU,2022-02-25 01:35:32
323,Celestun,20.8667,-90.4,77.83,74,46,15.21,MX,2022-02-25 01:35:32
324,Rock Springs,41.5875,-109.2029,16.05,78,100,17.27,US,2022-02-25 01:32:26
325,Shaoyang,27.2315,111.4525,44.35,71,13,4.09,CN,2022-02-25 01:35:33
326,Wanning,18.8003,110.3967,57.6,83,100,10.92,CN,2022-02-25 01:35:33
327,Tymovskoye,50.8456,142.655,22.28,74,66,9.31,RU,2022-02-25 01:36:34
328,Muscat,23.6139,58.5922,68.02,70,18,1.25,OM,2022-02-25 01:36:29
329,Dicabisagan,17.0818,122.4157,75.29,89,78,9.71,PH,2022-02-25 01:36:35
330,Lompoc,34.6391,-120.4579,55.08,58,0,16.11,US,2022-02-25 01:36:35
331,Poltava,49.5937,34.5407,30.0,80,21,7.7,UA,2022-02-25 01:36:35
332,General Roca,-39.0333,-67.5833,68.63,45,0,24.67,AR,2022-02-25 01:36:36
333,Grindavik,63.8424,-22.4338,30.67,74,75,11.5,IS,2022-02-25 01:36:36
334,Leszno,51.8403,16.5749,45.01,64,100,4.0,PL,2022-02-25 01:36:37
335,Beruwala,6.4788,79.9828,76.12,88,9,4.34,LK,2022-02-25 01:36:37
336,Tevriz,57.509,72.4042,23.38,92,69,8.19,RU,2022-02-25 01:36:38
337,Vila Velha,-20.3297,-40.2925,77.95,88,20,1.14,BR,2022-02-25 01:36:38
338,Margate,51.3813,1.3862,40.71,73,8,4.0,GB,2022-02-25 01:35:55
339,Leningradskiy,69.3833,178.4167,-1.71,95,99,6.13,RU,2022-02-25 01:36:39
340,Champerico,14.3,-91.9167,81.36,71,5,9.53,GT,2022-02-25 01:36:40
341,Macedo De Cavaleiros,41.5382,-6.9611,41.31,76,100,7.47,PT,2022-02-25 01:36:40
342,Nome,64.5011,-165.4064,35.67,81,100,20.71,US,2022-02-25 01:36:41
343,Brownwood,31.7093,-98.9912,31.32,86,100,11.5,US,2022-02-25 01:36:41
344,Necochea,-38.5473,-58.7368,66.04,50,1,14.34,AR,2022-02-25 01:32:53
345,Port Hedland,-20.3167,118.5667,95.05,59,43,4.61,AU,2022-02-25 01:36:42
346,Katsuura,35.1333,140.3,46.51,42,6,5.73,JP,2022-02-25 01:36:45
347,Kawalu,-7.3817,108.2082,80.49,72,94,0.98,ID,2022-02-25 01:36:46
348,Khonsa,27.0167,95.5667,54.32,78,100,1.16,IN,2022-02-25 01:36:46
349,Darnah,32.767,22.6367,54.12,61,62,18.86,LY,2022-02-25 01:36:46
350,Tiebissou,7.1574,-5.2257,78.04,75,34,5.48,CI,2022-02-25 01:36:47
351,Verkhnevilyuysk,63.4453,120.3167,-5.17,94,97,8.34,RU,2022-02-25 01:36:47
352,Mayo,38.8876,-76.5119,35.4,85,100,8.05,US,2022-02-25 01:36:48
353,Barra Patuca,15.8,-84.2833,76.33,83,3,9.19,HN,2022-02-25 01:36:48
354,Meulaboh,4.1363,96.1285,78.94,76,57,3.49,ID,2022-02-25 01:36:49
355,Nemuro,43.3236,145.575,28.83,71,36,12.46,JP,2022-02-25 01:32:17
356,Sibu,2.3,111.8167,77.31,88,20,5.99,MY,2022-02-25 01:36:49
357,Maroantsetra,-15.4333,49.7333,76.48,89,96,4.32,MG,2022-02-25 01:36:50
358,Vao,-22.6667,167.4833,79.09,78,85,13.62,NC,2022-02-25 01:36:50
359,Chengde,40.9725,117.9361,34.84,36,0,1.99,CN,2022-02-25 01:36:51
360,Port-Gentil,-0.7193,8.7815,81.61,78,100,8.08,GA,2022-02-25 01:36:51
361,Hinton,53.4001,-117.5857,26.64,92,39,5.26,CA,2022-02-25 01:36:51
362,Vaitape,-16.5167,-151.75,81.27,74,10,12.41,PF,2022-02-25 01:36:52
363,Fairbanks,64.8378,-147.7164,37.6,83,75,3.44,US,2022-02-25 01:34:08
364,Madaoua,14.073,5.96,66.15,9,0,11.14,NE,2022-02-25 01:36:52
365,Serenje,-13.2325,30.2352,61.12,98,100,2.66,ZM,2022-02-25 01:36:53
366,Qaqortoq,60.7167,-46.0333,19.9,85,100,7.78,GL,2022-02-25 01:36:53
367,Puksoozero,62.5903,40.6066,29.93,92,100,12.93,RU,2022-02-25 01:36:54
368,Jiayuguan,39.8167,98.3,31.12,25,0,6.17,CN,2022-02-25 01:36:54
369,San Quintin,30.4833,-115.95,48.43,44,0,10.11,MX,2022-02-25 01:37:54
370,San Ignacio,17.1561,-89.0714,78.94,73,20,4.61,BZ,2022-02-25 01:37:55
371,Conceicao Do Araguaia,-8.2578,-49.2647,76.89,85,49,0.96,BR,2022-02-25 01:37:55
372,Acari,-15.4311,-74.6158,73.27,85,91,4.18,PE,2022-02-25 01:37:56
373,Shimoda,34.6667,138.95,50.36,65,62,4.47,JP,2022-02-25 01:37:56
374,Camapua,-19.5314,-54.0439,74.3,87,7,2.84,BR,2022-02-25 01:37:57
375,Carbonia,39.1672,8.5222,46.99,73,1,4.25,IT,2022-02-25 01:37:57
376,Marzuq,14.4,46.4667,62.53,43,6,4.56,YE,2022-02-25 01:37:57
377,Aksarka,66.5606,67.7975,-1.7,97,100,5.14,RU,2022-02-25 01:37:58
378,Bolotnoye,55.6717,84.3981,24.44,92,100,17.38,RU,2022-02-25 01:37:58
379,Codajas,-3.8367,-62.0569,73.71,94,83,2.37,BR,2022-02-25 01:37:59
380,Lubon,52.3471,16.8927,43.39,60,75,18.41,PL,2022-02-25 01:37:59
381,Shingu,33.7333,135.9833,45.59,27,0,1.28,JP,2022-02-25 01:38:00
382,Nantucket,41.2835,-70.0995,32.14,76,100,10.47,US,2022-02-25 01:36:44
383,Taltal,-25.4,-70.4833,67.84,82,1,2.13,CL,2022-02-25 01:38:00
384,Laguna De Perlas,12.3429,-83.6712,75.15,87,3,8.88,NI,2022-02-25 01:38:01
385,Buala,-8.145,159.5921,84.31,74,100,9.28,SB,2022-02-25 01:38:01
386,Sumenep,-7.0167,113.8667,82.04,77,97,9.13,ID,2022-02-25 01:38:01
387,Camargo,27.6667,-105.1667,68.67,6,35,14.9,MX,2022-02-25 01:38:02
388,Yar-Sale,66.8333,70.8333,9.52,90,100,8.48,RU,2022-02-25 01:38:02
389,Kruisfontein,-34.0033,24.7314,72.88,97,57,5.23,ZA,2022-02-25 01:38:03
390,Hailar,49.2,119.7,10.18,92,100,12.19,CN,2022-02-25 01:38:03
391,Shenjiamen,29.9576,122.298,44.71,60,3,6.31,CN,2022-02-25 01:38:04
392,Chongwe,-15.3292,28.682,61.11,96,1,1.68,ZM,2022-02-25 01:38:04
393,Drezdenko,52.8383,15.8308,41.65,76,100,16.11,PL,2022-02-25 01:38:04
394,Massakory,12.996,15.7293,68.79,13,5,14.16,TD,2022-02-25 01:38:05
395,Menongue,-14.6585,17.691,62.26,79,23,3.76,AO,2022-02-25 01:38:05
396,Tuatapere,-46.1333,167.6833,66.81,59,29,7.49,NZ,2022-02-25 01:38:06
397,Merta,26.65,74.0333,62.8,35,0,8.28,IN,2022-02-25 01:38:06
398,Xining,36.6167,101.7667,22.08,35,100,3.94,CN,2022-02-25 01:35:52
399,Ouadda,8.0777,22.4007,67.75,19,47,4.29,CF,2022-02-25 01:38:07
400,Bagdarin,54.4333,113.6,15.08,74,93,6.04,RU,2022-02-25 01:38:07
401,Half Moon Bay,37.4636,-122.4286,55.58,67,0,19.57,US,2022-02-25 01:38:08
402,Nadadores,27.05,-101.6,63.28,45,0,6.91,MX,2022-02-25 01:38:08
403,Cabedelo,-6.9811,-34.8339,81.27,72,2,13.67,BR,2022-02-25 01:38:09
404,Diapaga,12.0708,1.7889,76.39,13,0,9.15,BF,2022-02-25 01:38:09
405,Mankachar,25.5333,89.8667,67.19,60,75,4.97,IN,2022-02-25 01:38:09
406,Sarangani,5.4033,125.4636,78.94,86,100,26.11,PH,2022-02-25 01:38:10
407,Le Vauclin,14.5452,-60.8388,73.45,83,0,3.44,MQ,2022-02-25 01:38:10
408,Presidencia Roque Saenz Pena,-26.7852,-60.4388,87.08,45,87,3.04,AR,2022-02-25 01:38:11
409,Biryukove,47.9563,39.7384,35.91,97,100,13.96,UA,2022-02-25 01:38:11
410,Kholm-Zhirkovskiy,55.5189,33.4731,32.81,78,100,16.02,RU,2022-02-25 01:38:12
411,Truth Or Consequences,33.1284,-107.2528,50.23,13,0,0.0,US,2022-02-25 01:38:12
412,Sinjar,36.3209,41.8754,55.9,62,100,18.03,IQ,2022-02-25 01:38:12
413,Benguela,-12.5763,13.4055,77.36,84,22,1.83,AO,2022-02-25 01:38:13
414,Talnakh,69.4865,88.3972,-7.42,80,98,8.63,RU,2022-02-25 01:38:13
415,Oistins,13.0667,-59.5333,77.09,78,20,11.5,BB,2022-02-25 01:38:14
416,Ukiah,39.1502,-123.2078,55.36,35,0,5.75,US,2022-02-25 01:34:37
417,Severo-Kurilsk,50.6789,156.125,27.21,66,98,30.11,RU,2022-02-25 01:39:14
418,Kloulklubed,7.0419,134.2556,81.1,78,100,14.88,PW,2022-02-25 01:39:15
419,Vardo,70.3705,31.1107,28.54,79,55,15.5,NO,2022-02-25 01:39:15
420,Kadiri,14.1167,78.1667,66.22,61,98,4.25,IN,2022-02-25 01:39:16
421,Praia Da Vitoria,38.7333,-27.0667,56.75,88,40,11.03,PT,2022-02-25 01:39:16
422,Bekwai,6.4534,-1.5774,74.64,90,16,2.35,GH,2022-02-25 01:39:16
423,Puerto Colombia,10.9878,-74.9547,80.69,76,75,33.4,CO,2022-02-25 01:39:17
424,Launceston,-41.45,147.1667,74.61,53,100,17.27,AU,2022-02-25 01:39:17
425,Camana,-16.6228,-72.7111,72.5,86,92,7.11,PE,2022-02-25 01:39:18
426,Trincomalee,8.5711,81.2335,80.96,63,99,12.37,LK,2022-02-25 01:39:18
427,Tazovskiy,67.4667,78.7,14.43,96,100,7.11,RU,2022-02-25 01:39:19
428,Martapura,-3.4167,114.85,78.89,83,40,5.75,ID,2022-02-25 01:39:19
429,Antofagasta,-23.65,-70.4,66.88,85,29,4.27,CL,2022-02-25 01:39:19
430,Kieta,-6.2167,155.6333,84.13,72,100,5.1,PG,2022-02-25 01:39:20
431,Jermuk,39.8417,45.6723,27.9,57,24,5.37,AM,2022-02-25 01:39:20
432,Padang,-0.9492,100.3543,78.85,70,100,0.98,ID,2022-02-25 01:39:21
433,Ondjiva,-17.0667,15.7333,72.07,63,72,2.26,AO,2022-02-25 01:39:21
434,Espanola,35.9911,-106.0806,34.23,42,0,1.01,US,2022-02-25 01:39:22
435,Namibe,-15.1961,12.1522,75.45,84,3,2.01,AO,2022-02-25 01:39:22
436,Tessalit,20.1986,1.0114,73.08,13,5,12.82,ML,2022-02-25 01:39:23
437,Salalah,17.0151,54.0924,69.89,68,0,2.3,OM,2022-02-25 01:39:23
438,Borger,52.9233,6.7931,40.86,85,17,16.4,NL,2022-02-25 01:39:23
439,Appingedam,53.3217,6.8583,41.05,82,21,8.99,NL,2022-02-25 01:39:24
440,Paita,-5.0892,-81.1144,73.18,79,100,6.64,PE,2022-02-25 01:39:24
441,Winslow,35.0242,-110.6974,32.18,70,0,9.22,US,2022-02-25 01:39:25
442,Kangaatsiaq,68.3065,-53.4641,-11.04,94,100,7.4,GL,2022-02-25 01:39:25
443,Amos,48.5669,-78.1162,-3.73,99,84,2.86,CA,2022-02-25 01:39:26
444,Pringsewu,-5.3582,104.9744,80.85,76,100,1.66,ID,2022-02-25 01:39:26
445,Bakchar,57.0186,82.0711,29.16,90,100,13.29,RU,2022-02-25 01:39:26
446,Northam,51.0333,-4.2167,45.25,75,5,24.36,GB,2022-02-25 01:39:27
447,Pimenta Bueno,-11.6725,-61.1936,72.88,97,88,2.59,BR,2022-02-25 01:39:27
448,Flinders,-34.5833,150.8552,74.21,94,100,1.95,AU,2022-02-25 01:39:28
449,Puerto Rondon,6.2805,-71.1,80.56,59,42,5.19,CO,2022-02-25 01:39:28
450,Ngunguru,-35.6167,174.5,76.15,65,0,11.39,NZ,2022-02-25 01:39:28
451,Salinopolis,-0.6136,-47.3561,78.53,89,84,10.8,BR,2022-02-25 01:39:29
452,Yumen,40.2833,97.2,30.54,28,0,12.86,CN,2022-02-25 01:39:29
453,Astara,38.5,48.6667,41.7,67,0,2.39,AZ,2022-02-25 01:39:30
454,Ambon,-3.6954,128.1814,84.34,74,40,9.22,ID,2022-02-25 01:39:30
455,Alta Floresta,-9.8756,-56.0861,73.76,94,98,2.28,BR,2022-02-25 01:39:31
456,Frystak,49.2852,17.6835,43.38,74,89,1.01,CZ,2022-02-25 01:39:31
457,Kaitangata,-46.2817,169.8464,63.93,77,0,6.31,NZ,2022-02-25 01:39:32
458,Constitucion,-35.3333,-72.4167,57.63,93,2,6.38,CL,2022-02-25 01:39:32
459,Lohja,60.2486,24.0653,35.94,98,100,14.14,FI,2022-02-25 01:39:33
460,Kaduy,59.2,37.15,25.83,91,100,10.71,RU,2022-02-25 01:39:33
461,Windsor,42.3001,-83.0165,26.69,80,100,13.8,CA,2022-02-25 01:35:00
462,Dongying,37.4564,118.4856,48.88,40,0,10.94,CN,2022-02-25 01:40:34
463,Lerwick,60.1545,-1.1494,37.4,58,100,26.87,GB,2022-02-25 01:37:10
464,Green River,41.5286,-109.4662,16.99,66,100,5.99,US,2022-02-25 01:40:34
465,Iberia,29.9502,-91.7507,73.47,94,100,10.36,US,2022-02-25 01:40:35
466,Keratea,37.8073,23.9769,48.49,61,75,10.36,GR,2022-02-25 01:40:35
467,Poli,-3.3333,36.8,60.22,84,100,1.52,TZ,2022-02-25 01:40:36
468,Bermejo,-32.8833,-68.8,69.71,60,0,2.3,AR,2022-02-25 01:40:36
469,Hokitika,-42.7167,170.9667,66.85,59,2,10.25,NZ,2022-02-25 01:40:36
470,Mananjary,-21.2167,48.3333,76.42,93,100,2.53,MG,2022-02-25 01:40:37
471,Moussoro,13.6408,16.4901,65.1,14,4,14.88,TD,2022-02-25 01:40:37
472,Aldan,58.6031,125.3894,15.82,92,100,9.78,RU,2022-02-25 01:40:38
473,Beringovskiy,63.05,179.3167,22.5,96,100,10.87,RU,2022-02-25 01:40:38
474,Bam,29.106,58.357,58.19,33,0,5.12,IR,2022-02-25 01:40:38
475,Conceicao Do Mato Dentro,-19.0372,-43.425,67.26,95,58,2.44,BR,2022-02-25 01:40:39
476,Sovetskiy,61.3614,63.5842,3.99,96,55,4.14,RU,2022-02-25 01:40:39
477,Nizhniy Tsasuchey,50.5167,115.1333,19.83,71,43,19.35,RU,2022-02-25 01:40:40
478,Villa Carlos Paz,-31.4241,-64.4978,67.39,45,0,1.99,AR,2022-02-25 01:40:40
479,Kingaroy,-26.5333,151.8333,68.04,100,100,5.75,AU,2022-02-25 01:40:41
480,Athens,37.9795,23.7162,50.18,63,40,6.91,GR,2022-02-25 01:38:39
481,San Francisco,37.7749,-122.4194,55.51,67,75,19.57,US,2022-02-25 01:36:02
482,Springbok,-29.6643,17.8865,59.58,57,0,3.49,ZA,2022-02-25 01:40:41
483,Moree,-29.4667,149.85,78.82,65,100,8.05,AU,2022-02-25 01:40:42
484,Chapais,49.7834,-74.8492,-16.82,100,53,2.59,CA,2022-02-25 01:40:42
485,Ayan,56.45,138.1667,22.62,57,0,20.71,RU,2022-02-25 01:40:43
486,Guerrero Negro,27.9769,-114.0611,60.62,48,40,13.69,MX,2022-02-25 01:40:43
487,Merauke,-8.4667,140.3333,80.1,81,100,15.08,ID,2022-02-25 01:40:44
488,Bandarbeyla,9.4942,50.8122,75.87,73,100,7.14,SO,2022-02-25 01:40:44
489,Huanren,41.2647,125.3667,27.5,64,3,5.55,CN,2022-02-25 01:40:44
490,Omsukchan,62.5333,155.8,-7.6,95,100,6.49,RU,2022-02-25 01:40:45
491,Orahovac,42.3994,20.6547,31.91,55,46,1.43,XK,2022-02-25 01:40:45
492,Port Said,31.2565,32.2841,55.38,76,0,16.11,EG,2022-02-25 01:40:46
493,Jishou,28.3167,109.7167,47.62,70,33,1.45,CN,2022-02-25 01:40:46
494,Bend,44.0582,-121.3153,28.81,81,100,4.61,US,2022-02-25 01:36:26
495,Hauterive,46.0901,3.4459,41.76,91,95,2.01,FR,2022-02-25 01:40:47
496,Lasa,46.6166,10.7002,36.86,88,18,4.47,IT,2022-02-25 01:40:47
497,Kismayo,-0.3582,42.5454,77.47,87,100,10.0,SO,2022-02-25 01:40:48
498,Dawson Creek,55.7666,-120.2362,24.76,58,0,0.0,CA,2022-02-25 01:40:48
499,Ylivieska,64.0833,24.55,33.89,84,100,8.32,FI,2022-02-25 01:40:49
500,Kahului,20.8947,-156.47,86.02,60,20,17.27,US,2022-02-25 01:38:31
501,Ugoofaaru,5.6667,73.0,81.72,76,17,14.65,MV,2022-02-25 01:40:49
502,Roebourne,-20.7833,117.1333,102.31,25,11,9.06,AU,2022-02-25 01:40:50
503,Komsomolskiy,40.4272,71.7189,47.12,57,75,6.91,UZ,2022-02-25 01:40:50
504,Ashland,40.8167,-82.2665,33.28,92,100,3.71,US,2022-02-25 01:38:07
505,Muli,2.9167,73.5667,82.44,73,1,13.2,MV,2022-02-25 01:40:51
506,Kamyshevatskaya,46.4132,37.9563,40.96,89,100,22.37,RU,2022-02-25 01:40:51
507,Tual,-5.6667,132.75,82.04,76,100,15.21,ID,2022-02-25 01:39:02
508,Acarau,-2.8856,-40.12,80.85,80,100,14.43,BR,2022-02-25 01:41:52
509,Zambezi,-13.5432,23.1047,61.7,95,19,3.65,ZM,2022-02-25 01:41:52
510,Zhigansk,66.7697,123.3711,-2.87,94,100,17.22,RU,2022-02-25 01:41:53
511,Santa Barbara,34.7333,-120.0343,48.29,43,0,6.91,US,2022-02-25 01:41:53
512,Mgachi,51.05,142.2667,17.96,84,38,8.32,RU,2022-02-25 01:41:54
513,Norrkoping,58.5942,16.1826,34.38,89,100,7.58,SE,2022-02-25 01:41:54
514,Presque Isle,46.6811,-68.0159,10.38,66,0,5.75,US,2022-02-25 01:41:54
515,Preston,53.7667,-2.7167,43.74,86,59,5.01,GB,2022-02-25 01:41:55
516,Comodoro Rivadavia,-45.8667,-67.5,64.26,77,40,14.97,AR,2022-02-25 01:41:55
517,Xuddur,4.1213,43.8894,70.63,85,100,17.56,SO,2022-02-25 01:41:56
518,San Juan,-31.5375,-68.5364,74.44,32,0,7.05,AR,2022-02-25 01:41:56
519,Bundaberg,-24.85,152.35,79.21,83,75,8.05,AU,2022-02-25 01:41:56
520,Prince Rupert,54.3161,-130.3201,39.29,75,0,8.05,CA,2022-02-25 01:41:57
521,Stornoway,58.2093,-6.3865,38.03,85,20,11.5,GB,2022-02-25 01:41:57
522,Kailua,21.4022,-157.7394,84.18,70,48,7.0,US,2022-02-25 01:41:58
523,Ouargaye,11.5033,0.0572,78.8,9,0,7.74,BF,2022-02-25 01:41:58
524,Kudymkar,59.0173,54.656,4.71,98,66,4.79,RU,2022-02-25 01:41:58
525,Manokwari,-0.8667,134.0833,78.4,79,100,4.03,ID,2022-02-25 01:41:59
526,Sidi Ali,36.0998,0.4206,54.21,80,80,3.69,DZ,2022-02-25 01:41:59
527,Cam Ranh,11.9214,109.1591,75.16,64,75,19.57,VN,2022-02-25 01:42:00
528,Chara,56.9064,118.2631,16.9,81,60,2.86,RU,2022-02-25 01:42:00
529,Inuvik,68.3499,-133.7218,7.56,61,75,1.14,CA,2022-02-25 01:42:00
530,Ouango,4.3133,22.5552,69.49,57,6,2.44,CF,2022-02-25 01:42:01
531,San Policarpo,12.1791,125.5072,81.61,72,100,15.19,PH,2022-02-25 01:42:02
532,Thinadhoo,0.5333,72.9333,83.12,67,63,8.57,MV,2022-02-25 01:42:02
533,Pacific Grove,36.6177,-121.9166,53.8,75,75,9.22,US,2022-02-25 01:42:02
534,Ambovombe,-25.1667,46.0833,75.38,86,100,8.57,MG,2022-02-25 01:42:03
535,Hami,42.8,93.45,31.91,35,0,8.23,CN,2022-02-25 01:42:03
536,Dorado,18.4588,-66.2677,76.86,78,6,10.22,PR,2022-02-25 01:39:43
537,Sal Rei,16.1833,-22.9167,68.88,77,10,18.61,CV,2022-02-25 01:42:04
538,Jaciara,-15.9653,-54.9683,72.64,94,99,2.13,BR,2022-02-25 01:42:04
539,San Vicente,-26.6167,-54.1333,66.11,98,20,2.75,AR,2022-02-25 01:42:05
540,Matay,28.419,30.7792,51.53,69,5,7.9,EG,2022-02-25 01:42:05
541,Cabo Rojo,18.0866,-67.1457,76.68,77,1,10.29,PR,2022-02-25 01:42:06
542,Turan,16.0678,108.2208,67.98,68,75,4.61,VN,2022-02-25 01:42:06
543,Tura,25.5198,90.2201,64.94,64,98,2.59,IN,2022-02-25 01:42:06
544,Petropavlovsk-Kamchatskiy,53.0452,158.6483,21.79,50,0,4.47,RU,2022-02-25 01:41:40
545,Sur,22.5667,59.5289,70.61,60,88,3.11,OM,2022-02-25 01:42:07
546,Tabou,4.423,-7.3528,78.73,88,87,7.81,CI,2022-02-25 01:42:07
547,Arti,56.4234,58.5328,25.59,97,100,7.96,RU,2022-02-25 01:42:08
548,Gilbues,-9.8317,-45.3439,79.36,56,49,2.06,BR,2022-02-25 01:42:08
549,Verkh-Usugli,52.7,115.1667,18.21,87,100,6.22,RU,2022-02-25 01:42:09
550,Bonthe,7.5264,-12.505,77.32,91,99,3.62,SL,2022-02-25 01:42:09
551,Furstenwalde,52.3667,14.0667,41.0,65,89,16.71,DE,2022-02-25 01:42:09
552,Isla Mujeres,21.2311,-86.731,78.85,79,0,13.65,MX,2022-02-25 01:42:10
553,Pisco,-13.7,-76.2167,69.85,83,0,11.5,PE,2022-02-25 01:42:10
554,Yavaros,26.7,-109.5167,66.45,51,100,19.24,MX,2022-02-25 01:42:11
555,Tecoanapa,16.5167,-98.75,79.48,72,0,4.88,MX,2022-02-25 01:43:11
556,Strezhevoy,60.7333,77.5889,28.38,93,100,17.25,RU,2022-02-25 01:43:12
557,Rumes,50.5446,3.3209,36.95,77,0,11.5,BE,2022-02-25 01:43:12
558,Peoria,40.7667,-89.7668,26.69,71,100,8.05,US,2022-02-25 01:43:13
559,Burnie,-41.0667,145.9167,72.95,63,23,7.23,AU,2022-02-25 01:43:13
560,Verkhnyaya Toyma,62.2349,44.9985,25.39,95,100,10.63,RU,2022-02-25 01:43:13
561,Balkhash,46.844,74.9804,14.61,85,0,15.66,KZ,2022-02-25 01:43:14
562,Horodkivka,49.9068,28.9847,32.05,77,6,7.14,UA,2022-02-25 01:43:14
563,Chardara,41.2547,67.9692,50.07,47,100,6.17,KZ,2022-02-25 01:43:15
564,Zhigalovo,54.8097,105.1578,12.38,94,100,2.95,RU,2022-02-25 01:43:15
565,Qarqin,37.4185,66.0436,48.38,66,36,8.12,AF,2022-02-25 01:43:16
566,Resistencia,-27.4606,-58.9839,80.58,73,0,9.22,AR,2022-02-25 01:43:16
567,Babu,24.4167,111.5167,50.49,70,0,2.64,CN,2022-02-25 01:43:17
568,Nizhniy Kuranakh,58.8353,125.4869,18.57,91,100,9.01,RU,2022-02-25 01:43:17
569,Horizontina,-27.6258,-54.3078,73.09,88,100,8.63,BR,2022-02-25 01:43:17
570,Atar,20.5169,-13.0499,74.41,31,91,7.49,MR,2022-02-25 01:43:18
571,Tambopata,-12.7333,-69.1833,73.58,98,95,1.39,PE,2022-02-25 01:43:18
572,Kyra,49.5776,111.9753,17.29,68,12,18.72,RU,2022-02-25 01:43:19
573,Tocopilla,-22.092,-70.1979,70.3,79,41,6.49,CL,2022-02-25 01:43:19
574,Vila Do Maio,15.1333,-23.2167,69.76,77,18,17.92,CV,2022-02-25 01:43:19
